[{"model": "admin.logentry", "pk": 1, "fields": {"action_time": "2023-04-29T12:52:05.339Z", "user": 1, "content_type": 7, "object_id": "1", "object_repr": "bartenderbox.example.com", "action_flag": 2, "change_message": "[{\"changed\": {\"fields\": [\"Domain name\", \"Display name\"]}}]"}}, {"model": "admin.logentry", "pk": 2, "fields": {"action_time": "2023-04-29T13:06:07.055Z", "user": 1, "content_type": 8, "object_id": "1", "object_repr": "michalpokojny@hotmail.com", "action_flag": 2, "change_message": "[{\"changed\": {\"fields\": [\"Primary\"]}}]"}}, {"model": "admin.logentry", "pk": 3, "fields": {"action_time": "2023-05-05T16:44:55.335Z", "user": 1, "content_type": 13, "object_id": "1", "object_repr": "vodka", "action_flag": 1, "change_message": "[{\"added\": {}}]"}}, {"model": "admin.logentry", "pk": 4, "fields": {"action_time": "2023-05-05T16:44:57.568Z", "user": 1, "content_type": 13, "object_id": "2", "object_repr": "vodka", "action_flag": 1, "change_message": "[{\"added\": {}}]"}}, {"model": "admin.logentry", "pk": 5, "fields": {"action_time": "2023-05-05T16:45:01.142Z", "user": 1, "content_type": 13, "object_id": "3", "object_repr": "vodka", "action_flag": 1, "change_message": "[{\"added\": {}}]"}}, {"model": "admin.logentry", "pk": 6, "fields": {"action_time": "2023-05-05T16:45:35.130Z", "user": 1, "content_type": 13, "object_id": "2", "object_repr": "vodka", "action_flag": 3, "change_message": ""}}, {"model": "admin.logentry", "pk": 7, "fields": {"action_time": "2023-05-05T16:45:35.134Z", "user": 1, "content_type": 13, "object_id": "1", "object_repr": "vodka", "action_flag": 3, "change_message": ""}}, {"model": "admin.logentry", "pk": 8, "fields": {"action_time": "2023-05-05T16:45:56.616Z", "user": 1, "content_type": 13, "object_id": "4", "object_repr": "gin", "action_flag": 1, "change_message": "[{\"added\": {}}]"}}, {"model": "admin.logentry", "pk": 9, "fields": {"action_time": "2023-05-05T16:46:17.978Z", "user": 1, "content_type": 13, "object_id": "5", "object_repr": "whiskey", "action_flag": 1, "change_message": "[{\"added\": {}}]"}}, {"model": "admin.logentry", "pk": 10, "fields": {"action_time": "2023-05-05T16:46:37.025Z", "user": 1, "content_type": 13, "object_id": "6", "object_repr": "tequila", "action_flag": 1, "change_message": "[{\"added\": {}}]"}}, {"model": "admin.logentry", "pk": 11, "fields": {"action_time": "2023-05-05T16:47:06.072Z", "user": 1, "content_type": 13, "object_id": "7", "object_repr": "rum", "action_flag": 1, "change_message": "[{\"added\": {}}]"}}, {"model": "admin.logentry", "pk": 12, "fields": {"action_time": "2023-05-05T16:47:28.726Z", "user": 1, "content_type": 13, "object_id": "8", "object_repr": "bar_tools", "action_flag": 1, "change_message": "[{\"added\": {}}]"}}, {"model": "admin.logentry", "pk": 13, "fields": {"action_time": "2023-05-05T16:48:22.603Z", "user": 1, "content_type": 13, "object_id": "9", "object_repr": "cocktail_shakers", "action_flag": 1, "change_message": "[{\"added\": {}}]"}}, {"model": "admin.logentry", "pk": 14, "fields": {"action_time": "2023-05-05T16:48:48.333Z", "user": 1, "content_type": 13, "object_id": "10", "object_repr": "bar_spoons", "action_flag": 1, "change_message": "[{\"added\": {}}]"}}, {"model": "admin.logentry", "pk": 15, "fields": {"action_time": "2023-05-05T16:59:29.947Z", "user": 1, "content_type": 14, "object_id": "1", "object_repr": "Martini", "action_flag": 1, "change_message": "[{\"added\": {}}]"}}, {"model": "admin.logentry", "pk": 16, "fields": {"action_time": "2023-05-05T17:00:31.574Z", "user": 1, "content_type": 14, "object_id": "2", "object_repr": "Manhattan", "action_flag": 1, "change_message": "[{\"added\": {}}]"}}, {"model": "admin.logentry", "pk": 17, "fields": {"action_time": "2023-05-05T17:01:12.656Z", "user": 1, "content_type": 14, "object_id": "3", "object_repr": "Margarita", "action_flag": 1, "change_message": "[{\"added\": {}}]"}}, {"model": "admin.logentry", "pk": 18, "fields": {"action_time": "2023-05-05T17:01:53.058Z", "user": 1, "content_type": 14, "object_id": "4", "object_repr": "Daiquiri", "action_flag": 1, "change_message": "[{\"added\": {}}]"}}, {"model": "admin.logentry", "pk": 19, "fields": {"action_time": "2023-05-05T17:02:33.660Z", "user": 1, "content_type": 14, "object_id": "5", "object_repr": "Old Fashioned", "action_flag": 1, "change_message": "[{\"added\": {}}]"}}, {"model": "admin.logentry", "pk": 20, "fields": {"action_time": "2023-05-05T17:03:09.666Z", "user": 1, "content_type": 14, "object_id": "6", "object_repr": "Negroni", "action_flag": 1, "change_message": "[{\"added\": {}}]"}}, {"model": "admin.logentry", "pk": 21, "fields": {"action_time": "2023-05-05T17:03:41.520Z", "user": 1, "content_type": 14, "object_id": "7", "object_repr": "Cosmopolitan", "action_flag": 1, "change_message": "[{\"added\": {}}]"}}, {"model": "admin.logentry", "pk": 22, "fields": {"action_time": "2023-05-05T17:04:09.659Z", "user": 1, "content_type": 14, "object_id": "8", "object_repr": "Mai Tai", "action_flag": 1, "change_message": "[{\"added\": {}}]"}}, {"model": "admin.logentry", "pk": 23, "fields": {"action_time": "2023-05-05T17:04:42.862Z", "user": 1, "content_type": 14, "object_id": "9", "object_repr": "Piña Colada", "action_flag": 1, "change_message": "[{\"added\": {}}]"}}, {"model": "admin.logentry", "pk": 24, "fields": {"action_time": "2023-05-05T17:05:22.670Z", "user": 1, "content_type": 14, "object_id": "10", "object_repr": "Bloody Mary", "action_flag": 1, "change_message": "[{\"added\": {}}]"}}, {"model": "admin.logentry", "pk": 25, "fields": {"action_time": "2023-05-05T17:06:02.875Z", "user": 1, "content_type": 14, "object_id": "11", "object_repr": "Mojito", "action_flag": 1, "change_message": "[{\"added\": {}}]"}}, {"model": "admin.logentry", "pk": 26, "fields": {"action_time": "2023-05-05T17:06:32.491Z", "user": 1, "content_type": 14, "object_id": "12", "object_repr": "Whiskey Sour", "action_flag": 1, "change_message": "[{\"added\": {}}]"}}, {"model": "admin.logentry", "pk": 27, "fields": {"action_time": "2023-05-05T17:07:01.273Z", "user": 1, "content_type": 13, "object_id": "11", "object_repr": "brandy", "action_flag": 1, "change_message": "[{\"added\": {}}]"}}, {"model": "admin.logentry", "pk": 28, "fields": {"action_time": "2023-05-05T17:07:28.183Z", "user": 1, "content_type": 14, "object_id": "13", "object_repr": "Sidecar", "action_flag": 1, "change_message": "[{\"added\": {}}]"}}, {"model": "admin.logentry", "pk": 29, "fields": {"action_time": "2023-05-05T17:09:23.218Z", "user": 1, "content_type": 14, "object_id": "14", "object_repr": "Gimlet", "action_flag": 1, "change_message": "[{\"added\": {}}]"}}, {"model": "admin.logentry", "pk": 30, "fields": {"action_time": "2023-05-05T17:09:58.070Z", "user": 1, "content_type": 14, "object_id": "15", "object_repr": "Sazerac", "action_flag": 1, "change_message": "[{\"added\": {}}]"}}, {"model": "admin.logentry", "pk": 31, "fields": {"action_time": "2023-05-05T17:10:29.879Z", "user": 1, "content_type": 14, "object_id": "16", "object_repr": "Moscow Mule", "action_flag": 1, "change_message": "[{\"added\": {}}]"}}, {"model": "admin.logentry", "pk": 32, "fields": {"action_time": "2023-05-05T17:11:07.365Z", "user": 1, "content_type": 14, "object_id": "17", "object_repr": "French 75", "action_flag": 1, "change_message": "[{\"added\": {}}]"}}, {"model": "admin.logentry", "pk": 33, "fields": {"action_time": "2023-05-05T17:11:37.875Z", "user": 1, "content_type": 14, "object_id": "18", "object_repr": "Dark and Stormy", "action_flag": 1, "change_message": "[{\"added\": {}}]"}}, {"model": "admin.logentry", "pk": 34, "fields": {"action_time": "2023-05-05T17:13:16.378Z", "user": 1, "content_type": 14, "object_id": "19", "object_repr": "Mint Julep", "action_flag": 1, "change_message": "[{\"added\": {}}]"}}, {"model": "admin.logentry", "pk": 35, "fields": {"action_time": "2023-05-05T17:58:40.801Z", "user": 1, "content_type": 14, "object_id": "5", "object_repr": "Old Fashioned", "action_flag": 2, "change_message": "[{\"changed\": {\"fields\": [\"Image\"]}}]"}}, {"model": "admin.logentry", "pk": 36, "fields": {"action_time": "2023-05-05T18:04:44.542Z", "user": 1, "content_type": 14, "object_id": "19", "object_repr": "Mint Julep", "action_flag": 2, "change_message": "[{\"changed\": {\"fields\": [\"Image\"]}}]"}}, {"model": "admin.logentry", "pk": 37, "fields": {"action_time": "2023-05-05T18:06:24.888Z", "user": 1, "content_type": 14, "object_id": "18", "object_repr": "Dark and Stormy", "action_flag": 2, "change_message": "[{\"changed\": {\"fields\": [\"Image\"]}}]"}}, {"model": "admin.logentry", "pk": 38, "fields": {"action_time": "2023-05-05T18:07:31.267Z", "user": 1, "content_type": 14, "object_id": "17", "object_repr": "French 75", "action_flag": 2, "change_message": "[{\"changed\": {\"fields\": [\"Image\"]}}]"}}, {"model": "admin.logentry", "pk": 39, "fields": {"action_time": "2023-05-05T18:08:43.649Z", "user": 1, "content_type": 14, "object_id": "16", "object_repr": "Moscow Mule", "action_flag": 2, "change_message": "[{\"changed\": {\"fields\": [\"Image\"]}}]"}}, {"model": "admin.logentry", "pk": 40, "fields": {"action_time": "2023-05-05T18:10:02.917Z", "user": 1, "content_type": 14, "object_id": "15", "object_repr": "Sazerac", "action_flag": 2, "change_message": "[{\"changed\": {\"fields\": [\"Image\"]}}]"}}, {"model": "admin.logentry", "pk": 41, "fields": {"action_time": "2023-05-05T18:10:54.736Z", "user": 1, "content_type": 14, "object_id": "14", "object_repr": "Gimlet", "action_flag": 2, "change_message": "[{\"changed\": {\"fields\": [\"Image\"]}}]"}}, {"model": "admin.logentry", "pk": 42, "fields": {"action_time": "2023-05-05T18:11:52.176Z", "user": 1, "content_type": 14, "object_id": "13", "object_repr": "Sidecar", "action_flag": 2, "change_message": "[{\"changed\": {\"fields\": [\"Image\"]}}]"}}, {"model": "admin.logentry", "pk": 43, "fields": {"action_time": "2023-05-05T18:12:41.289Z", "user": 1, "content_type": 14, "object_id": "12", "object_repr": "Whiskey Sour", "action_flag": 2, "change_message": "[{\"changed\": {\"fields\": [\"Image\"]}}]"}}, {"model": "admin.logentry", "pk": 44, "fields": {"action_time": "2023-05-05T18:13:44.044Z", "user": 1, "content_type": 14, "object_id": "11", "object_repr": "Mojito", "action_flag": 2, "change_message": "[{\"changed\": {\"fields\": [\"Image\"]}}]"}}, {"model": "admin.logentry", "pk": 45, "fields": {"action_time": "2023-05-05T18:15:37.550Z", "user": 1, "content_type": 14, "object_id": "10", "object_repr": "Bloody Mary", "action_flag": 2, "change_message": "[{\"changed\": {\"fields\": [\"Image\"]}}]"}}, {"model": "admin.logentry", "pk": 46, "fields": {"action_time": "2023-05-05T18:16:00.776Z", "user": 1, "content_type": 14, "object_id": "9", "object_repr": "Piña Colada", "action_flag": 2, "change_message": "[]"}}, {"model": "admin.logentry", "pk": 47, "fields": {"action_time": "2023-05-05T18:16:49.497Z", "user": 1, "content_type": 14, "object_id": "9", "object_repr": "Piña Colada", "action_flag": 2, "change_message": "[{\"changed\": {\"fields\": [\"Image\"]}}]"}}, {"model": "admin.logentry", "pk": 48, "fields": {"action_time": "2023-05-05T18:17:53.865Z", "user": 1, "content_type": 14, "object_id": "8", "object_repr": "Mai Tai", "action_flag": 2, "change_message": "[{\"changed\": {\"fields\": [\"Image\"]}}]"}}, {"model": "admin.logentry", "pk": 49, "fields": {"action_time": "2023-05-05T18:20:38.640Z", "user": 1, "content_type": 14, "object_id": "7", "object_repr": "Cosmopolitan", "action_flag": 2, "change_message": "[]"}}, {"model": "admin.logentry", "pk": 50, "fields": {"action_time": "2023-05-05T18:22:20.374Z", "user": 1, "content_type": 14, "object_id": "6", "object_repr": "Negroni", "action_flag": 2, "change_message": "[{\"changed\": {\"fields\": [\"Image\"]}}]"}}, {"model": "admin.logentry", "pk": 51, "fields": {"action_time": "2023-05-05T18:24:47.892Z", "user": 1, "content_type": 14, "object_id": "4", "object_repr": "Daiquiri", "action_flag": 2, "change_message": "[{\"changed\": {\"fields\": [\"Image\"]}}]"}}, {"model": "admin.logentry", "pk": 52, "fields": {"action_time": "2023-05-05T18:25:57.985Z", "user": 1, "content_type": 14, "object_id": "3", "object_repr": "Margarita", "action_flag": 2, "change_message": "[{\"changed\": {\"fields\": [\"Image\"]}}]"}}, {"model": "admin.logentry", "pk": 53, "fields": {"action_time": "2023-05-05T18:27:18.024Z", "user": 1, "content_type": 14, "object_id": "2", "object_repr": "Manhattan", "action_flag": 2, "change_message": "[{\"changed\": {\"fields\": [\"Image\"]}}]"}}, {"model": "admin.logentry", "pk": 54, "fields": {"action_time": "2023-05-05T18:27:58.589Z", "user": 1, "content_type": 14, "object_id": "1", "object_repr": "Martini", "action_flag": 2, "change_message": "[{\"changed\": {\"fields\": [\"Image\"]}}]"}}, {"model": "admin.logentry", "pk": 55, "fields": {"action_time": "2023-05-05T18:42:35.058Z", "user": 1, "content_type": 14, "object_id": "7", "object_repr": "Cosmopolitan", "action_flag": 2, "change_message": "[{\"changed\": {\"fields\": [\"Image\"]}}]"}}, {"model": "admin.logentry", "pk": 56, "fields": {"action_time": "2023-05-24T17:22:07.971Z", "user": 1, "content_type": 14, "object_id": "21", "object_repr": "TEST", "action_flag": 3, "change_message": ""}}, {"model": "auth.user", "pk": 1, "fields": {"password": "pbkdf2_sha256$260000$YXDPxJjtJ6EMaCumpKSKop$crGsiRyMxmpaS2RtyA9XdiV6m6LUAW9QiQn+GqIe0N0=", "last_login": "2023-05-24T19:47:11.506Z", "is_superuser": true, "username": "Admin", "first_name": "", "last_name": "", "email": "michalpokojny@hotmail.com", "is_staff": true, "is_active": true, "date_joined": "2023-04-29T12:35:49.416Z", "groups": [], "user_permissions": []}}, {"model": "auth.user", "pk": 2, "fields": {"password": "pbkdf2_sha256$260000$ZzCYKUzybNFX7iYwq5nO2S$NHz3CH2uFtC1kTW5dm+mxhRK9k1EH+f/cWYNQQKW8co=", "last_login": null, "is_superuser": true, "username": "Admin2", "first_name": "", "last_name": "", "email": "", "is_staff": true, "is_active": true, "date_joined": "2023-05-24T15:40:01.036Z", "groups": [], "user_permissions": []}}, {"model": "sessions.session", "pk": "06vi5iiagp3j8sy0noeuifth7z9pyx82", "fields": {"session_data": ".eJxVjEEOwiAQRe_C2pBiGWC6dO8ZyNChFjVgSptojHe3TbrQ7Xvv_7fwtMyjX2qcfGLRCSUOvyxQf4t5E3ylfCmyL3meUpBbIndb5blwvJ_29u9gpDqua2SEBnEYAhkCi-iMZtcir5BsC2BdbwJZ0o6jhqFlBcogabZoQR230xprTSX7-Hyk6SW65vMFavE-XA:1q1v4e:ePeKJA250qHjVUWAi5jZT7Vie5O-DDeZoKWoXIWt-ZI", "expire_date": "2023-06-07T20:27:08.923Z"}}, {"model": "sessions.session", "pk": "2odmr0jgqi7kt3e40bqye9p5sycr2gx2", "fields": {"session_data": "eyJiYWciOnsiMyI6MX19:1q02zr:u1I58bWlSd1ZDLgI9y-w74WFiiI71Zycb8I5cmXbbbk", "expire_date": "2023-06-02T16:30:27.429Z"}}, {"model": "sessions.session", "pk": "50wqmxwuvefo97khnplbe77qups932n4", "fields": {"session_data": "e30:1q1YW5:q2ctOkbHbgi2taheOrPcpYBVqGcWDKoWWpkCq-_5gZU", "expire_date": "2023-06-06T20:21:57.170Z"}}, {"model": "sessions.session", "pk": "kelab6wl264brw4ucimyl3kfjs63q6ga", "fields": {"session_data": ".eJx1jzFvgzAQhf-Ke7OFgGDAjB26VcoeInRwR3BKcGSbqFWU_16jZmiHru-979PdHTpcw9Stnl1nCBrIQP7Oehw-eNkKOuNysslgl-BMn2yT5Nn65N0Sz6_P7R_BhH6KtCatUq3HsccSVaV1XRZU7zTFEKudUlU9lD1WWNTEhRp3lKms1FhQpSuV5ZvUs_fGLh1_Xo37giaV4PHGnVlGC01wK0vo8QTNHfIUmlxCnkGTPSJ6iSie2MdLDocWuu7so-iZtiBFKkWupGhh7yytQxDxHw5MLy0cpfgPKdINeUMzM4lgxXolDCyuP45E7GdGz4IXvzoWYWIxWncRxosbzoaSKD_C4xuqUn3-:1q1qDb:Vum8wCrCPJyCLg16taBQ_hCVTYtSM3t7yZ7-vUyZ8-s", "expire_date": "2023-06-07T15:16:03.132Z"}}, {"model": "sites.site", "pk": 1, "fields": {"domain": "bartenderbox.example.com", "name": "Bartender Box"}}, {"model": "account.emailaddress", "pk": 1, "fields": {"user": 1, "email": "michalpokojny@hotmail.com", "verified": true, "primary": true}}, {"model": "products.category", "pk": 3, "fields": {"name": "vodka", "friendly_name": "Vodka"}}, {"model": "products.category", "pk": 4, "fields": {"name": "gin", "friendly_name": "Gin"}}, {"model": "products.category", "pk": 5, "fields": {"name": "whiskey", "friendly_name": "Whiskey"}}, {"model": "products.category", "pk": 6, "fields": {"name": "tequila", "friendly_name": "Tequila"}}, {"model": "products.category", "pk": 7, "fields": {"name": "rum", "friendly_name": "Rum"}}, {"model": "products.category", "pk": 8, "fields": {"name": "bar_tools", "friendly_name": "Bar Tools"}}, {"model": "products.category", "pk": 9, "fields": {"name": "cocktail_shakers", "friendly_name": "Cocktail Shakers"}}, {"model": "products.category", "pk": 10, "fields": {"name": "bar_spoons", "friendly_name": "Bar Spoons"}}, {"model": "products.category", "pk": 11, "fields": {"name": "brandy", "friendly_name": "Brandy"}}, {"model": "products.product", "pk": 1, "fields": {"category": 3, "sku": "CT001", "name": "Martini", "description": "A classic cocktail made with gin and vermouth stirred or shaken and garnished with an olive or lemon twist.", "price": "10.00", "rating": "4.50", "image_url": null, "image": "martini.jpg"}}, {"model": "products.product", "pk": 2, "fields": {"category": 5, "sku": "CT002", "name": "Manhattan", "description": "A cocktail made with whiskey, sweet vermouth, and bitters, stirred and garnished with a cherry.", "price": "13.00", "rating": "4.00", "image_url": null, "image": "manhattan.jpg"}}, {"model": "products.product", "pk": 3, "fields": {"category": 6, "sku": "CT003", "name": "Margarita", "description": "A popular cocktail made with tequila, lime juice, and orange liqueur, served with salt on the rim of the glass.", "price": "10.00", "rating": "4.50", "image_url": null, "image": "margarita.jpg"}}, {"model": "products.product", "pk": 4, "fields": {"category": 7, "sku": "CT004", "name": "Daiquiri", "description": "A simple but delicious cocktail made with rum, lime juice, and sugar, shaken and served up.", "price": "11.00", "rating": "4.00", "image_url": null, "image": "daiquiri.jpg"}}, {"model": "products.product", "pk": 5, "fields": {"category": 5, "sku": "CT005", "name": "Old Fashioned", "description": "A classic cocktail made with whiskey, sugar, bitters, and a twist of citrus peel. Served over ice and garnished with a cherry.", "price": "12.00", "rating": "4.50", "image_url": null, "image": "old-fashoned.png"}}, {"model": "products.product", "pk": 6, "fields": {"category": 4, "sku": "CT006", "name": "Negroni", "description": "A bitter and refreshing cocktail made with gin, sweet vermouth, and Campari, stirred and garnished with an orange peel.", "price": "13.00", "rating": "3.50", "image_url": null, "image": "negroni.jpg"}}, {"model": "products.product", "pk": 7, "fields": {"category": 3, "sku": "CT007", "name": "Cosmopolitan", "description": "A popular cocktail made with vodka, cranberry juice, and lime juice, shaken and strained into a martini glass.", "price": "10.00", "rating": "3.50", "image_url": null, "image": "cosmopolitan.jpg"}}, {"model": "products.product", "pk": 8, "fields": {"category": 7, "sku": "CT008", "name": "Mai Tai", "description": "A tropical cocktail made with rum, lime juice, orange curaçao, and orgeat syrup, served over ice and garnished with fresh mint and fruit.", "price": "11.00", "rating": "4.50", "image_url": null, "image": "mai-tai.jpg"}}, {"model": "products.product", "pk": 9, "fields": {"category": 7, "sku": "CT009", "name": "Piña Colada", "description": "A classic tropical cocktail made with rum, pineapple juice, and coconut cream, blended with ice and served with a pineapple wedge and cherry.", "price": "10.00", "rating": "4.00", "image_url": null, "image": "pina-colada.jpg"}}, {"model": "products.product", "pk": 10, "fields": {"category": 3, "sku": "CT010", "name": "Bloody Mary", "description": "A savory cocktail made with vodka, tomato juice, and a blend of spices and seasonings, served over ice and garnished with celery and other vegetables.", "price": "12.00", "rating": "3.50", "image_url": null, "image": "bloody-mary.jpg"}}, {"model": "products.product", "pk": 11, "fields": {"category": 7, "sku": "CT011", "name": "Mojito", "description": "A refreshing cocktail made with rum, lime juice, sugar, and fresh mint, served over ice and topped with soda water.", "price": "11.00", "rating": "4.50", "image_url": null, "image": "mojito.jpg"}}, {"model": "products.product", "pk": 12, "fields": {"category": 5, "sku": "CT012", "name": "Whiskey Sour", "description": "A classic cocktail made with whiskey, lemon juice, and sugar, shaken and served up or on the rocks.", "price": "12.00", "rating": "4.00", "image_url": null, "image": "whiskey-sour.jpg"}}, {"model": "products.product", "pk": 13, "fields": {"category": 11, "sku": "CT013", "name": "Sidecar", "description": "A classic cocktail made with cognac, orange liqueur, and lemon juice, shaken and served up in a sugar-rimmed glass.", "price": "13.00", "rating": "3.50", "image_url": null, "image": "sidecar.jpg"}}, {"model": "products.product", "pk": 14, "fields": {"category": 4, "sku": "CT014", "name": "Gimlet", "description": "A simple but delicious cocktail made with gin and lime juice, shaken and served up or on the rocks.", "price": "11.00", "rating": "4.00", "image_url": null, "image": "gimlet.jpg"}}, {"model": "products.product", "pk": 15, "fields": {"category": 5, "sku": "CT015", "name": "Sazerac", "description": "A New Orleans classic made with rye whiskey, absinthe, bitters, and a sugar cube, stirred and served up in a chilled glass.", "price": "13.00", "rating": "3.50", "image_url": null, "image": "sazerac.jpg"}}, {"model": "products.product", "pk": 16, "fields": {"category": 3, "sku": "CT016", "name": "Moscow Mule", "description": "A refreshing cocktail made with vodka, ginger beer, and lime juice, served in a copper mug.", "price": "10.00", "rating": "4.50", "image_url": null, "image": "moscow-mule.jpg"}}, {"model": "products.product", "pk": 17, "fields": {"category": 4, "sku": "CT017", "name": "French 75", "description": "A sparkling cocktail made with gin, lemon juice, sugar, and Champagne, served in a Champagne flute.", "price": "12.00", "rating": "4.00", "image_url": null, "image": "french-75.jpg"}}, {"model": "products.product", "pk": 18, "fields": {"category": 7, "sku": "CT018", "name": "Dark and Stormy", "description": "A spicy cocktail made with dark rum, ginger beer, and lime juice, served over ice.", "price": "11.00", "rating": "4.50", "image_url": null, "image": "dark-and-stormy.jpg"}}, {"model": "products.product", "pk": 19, "fields": {"category": 5, "sku": "CT019", "name": "Mint Julep", "description": "A classic Southern cocktail made with bourbon, sugar, and fresh mint, served over crushed ice and garnished with a mint sprig.", "price": "12.00", "rating": "4.50", "image_url": null, "image": "mint-julep.jpg"}}, {"model": "checkout.order", "pk": 1, "fields": {"order_number": "EA77D58E338E434B8F1BBC5B22C5ED5A", "user_profile": null, "full_name": "Michal", "email": "michalpokojny@hotmail.com", "phone_number": "0892094328", "country": "IE", "postcode": "90021", "town_or_city": "Dublin", "street_address1": "Address 1", "street_address2": "ayn", "county": "Ireland", "date": "2023-05-22T16:48:05.146Z", "delivery_cost": "4.90", "order_total": "49.00", "grand_total": "53.90", "original_bag": "", "stripe_pid": ""}}, {"model": "checkout.order", "pk": 2, "fields": {"order_number": "788176B1FF854E8BB0C60EE00FB19E7E", "user_profile": null, "full_name": "Michal", "email": "michalpokojny@hotmail.com", "phone_number": "0892094328", "country": "IE", "postcode": "90021", "town_or_city": "Dublin", "street_address1": "Address 1", "street_address2": "ayn", "county": "Ireland", "date": "2023-05-22T16:51:04.418Z", "delivery_cost": "1.20", "order_total": "12.00", "grand_total": "13.20", "original_bag": "", "stripe_pid": ""}}, {"model": "checkout.order", "pk": 3, "fields": {"order_number": "03C184E6F8D8486CA45D6646494367B6", "user_profile": null, "full_name": "Michal", "email": "michalpokojny@hotmail.com", "phone_number": "0892094328", "country": "IE", "postcode": "90021", "town_or_city": "Dublin", "street_address1": "Address 1", "street_address2": "ayn", "county": "Ireland", "date": "2023-05-22T17:06:22.544Z", "delivery_cost": "1.20", "order_total": "12.00", "grand_total": "13.20", "original_bag": "", "stripe_pid": ""}}, {"model": "checkout.order", "pk": 4, "fields": {"order_number": "3882219693C040FCAA8185CF513185C7", "user_profile": null, "full_name": "Michal", "email": "michalpokojny@hotmail.com", "phone_number": "0892094328", "country": "IE", "postcode": "90021", "town_or_city": "Dublin", "street_address1": "Address 1", "street_address2": "ayn", "county": "tewt", "date": "2023-05-22T17:19:42.665Z", "delivery_cost": "1.20", "order_total": "12.00", "grand_total": "13.20", "original_bag": "", "stripe_pid": ""}}, {"model": "checkout.order", "pk": 5, "fields": {"order_number": "C7E06F8BE0E0404B8DB74A23B06DC759", "user_profile": null, "full_name": "Michal", "email": "michalpokojny@hotmail.com", "phone_number": "0892094328", "country": "IE", "postcode": "90021", "town_or_city": "Dublin", "street_address1": "Address 1", "street_address2": "ayn", "county": "Ireland", "date": "2023-05-22T17:21:24.155Z", "delivery_cost": "1.20", "order_total": "12.00", "grand_total": "13.20", "original_bag": "", "stripe_pid": ""}}, {"model": "checkout.order", "pk": 6, "fields": {"order_number": "70FC31AF9BEE4BF9AE0EE361D3CEF019", "user_profile": null, "full_name": "Michal", "email": "michalpokojny@hotmail.com", "phone_number": "0892094328", "country": "IE", "postcode": "90021", "town_or_city": "Dublin", "street_address1": "Address 1", "street_address2": "ayn", "county": "Ireland", "date": "2023-05-22T17:27:27.791Z", "delivery_cost": "1.20", "order_total": "12.00", "grand_total": "13.20", "original_bag": "", "stripe_pid": ""}}, {"model": "checkout.order", "pk": 7, "fields": {"order_number": "509CED55447D428A8DEDDCFC9C1EAA4C", "user_profile": null, "full_name": "Michal", "email": "michalpokojny@hotmail.com", "phone_number": "0892094328", "country": "IE", "postcode": "90021", "town_or_city": "Dublin", "street_address1": "Address 1", "street_address2": "ayn", "county": "Ireland", "date": "2023-05-23T15:25:11.829Z", "delivery_cost": "1.20", "order_total": "12.00", "grand_total": "13.20", "original_bag": "{\"1\": 1}", "stripe_pid": "pi_3NAx4SKIWhJzoHAX0bKLhZL3"}}, {"model": "checkout.order", "pk": 8, "fields": {"order_number": "F2308B1987D84FA1AAA1B871C870B17D", "user_profile": null, "full_name": "Michal", "email": "michalpokojny@hotmail.com", "phone_number": "0892094328", "country": "IE", "postcode": "90021", "town_or_city": "Dublin", "street_address1": "Address 1", "street_address2": "ayn", "county": "Ireland", "date": "2023-05-23T15:30:48.129Z", "delivery_cost": "1.30", "order_total": "13.00", "grand_total": "14.30", "original_bag": "{\"2\": 1}", "stripe_pid": "pi_3NAxAKKIWhJzoHAX0ZXdJISG"}}, {"model": "checkout.order", "pk": 9, "fields": {"order_number": "35F698C1B2AB44149C22DC234F55968E", "user_profile": null, "full_name": "Michal", "email": "michalpokojny@hotmail.com", "phone_number": "0892094328", "country": "IE", "postcode": "90021", "town_or_city": "Dublin", "street_address1": "Address 1", "street_address2": "A123A", "county": "Ireland", "date": "2023-05-23T15:37:42.529Z", "delivery_cost": "1.20", "order_total": "12.00", "grand_total": "13.20", "original_bag": "{\"1\": 1}", "stripe_pid": "pi_3NAxGzKIWhJzoHAX17eJ0OqB"}}, {"model": "checkout.order", "pk": 10, "fields": {"order_number": "322E252F5ED441D9A75E5B06CD6D273E", "user_profile": 1, "full_name": "Michal", "email": "michalpokojny@hotmail.com", "phone_number": "0892094328", "country": "AG", "postcode": "90021", "town_or_city": "Dublin", "street_address1": "Address 1", "street_address2": "ayn", "county": "Ireland", "date": "2023-05-23T21:48:32.626Z", "delivery_cost": "1.20", "order_total": "12.00", "grand_total": "13.20", "original_bag": "{\"1\": 1}", "stripe_pid": "pi_3NB33mKIWhJzoHAX0VCPZCkp"}}, {"model": "checkout.order", "pk": 11, "fields": {"order_number": "BBD25C0CC9964843B01F741C4F5C013A", "user_profile": 1, "full_name": "Michal", "email": "michalpokojny@hotmail.com", "phone_number": "0892094328", "country": "IE", "postcode": "90021", "town_or_city": "Dublin", "street_address1": "Address 1", "street_address2": "ayn", "county": "Ireland", "date": "2023-05-24T11:48:05.596Z", "delivery_cost": "2.60", "order_total": "26.00", "grand_total": "28.60", "original_bag": "{\"2\": 2}", "stripe_pid": "pi_3NBG8xKIWhJzoHAX0Kfzlgfe"}}, {"model": "checkout.order", "pk": 12, "fields": {"order_number": "4C1F707385A24800B65DBE597749BF77", "user_profile": 1, "full_name": "Michal", "email": "michalpokojny@hotmail.com", "phone_number": "0892094328", "country": "IE", "postcode": "90021", "town_or_city": "Dublin", "street_address1": "Address 1", "street_address2": "ayn", "county": "Ireland", "date": "2023-05-24T12:31:39.276Z", "delivery_cost": "1.20", "order_total": "12.00", "grand_total": "13.20", "original_bag": "{\"1\": 1}", "stripe_pid": "pi_3NBGqbKIWhJzoHAX0yeWFqLH"}}, {"model": "checkout.order", "pk": 13, "fields": {"order_number": "20D9001DCF3D4C36A573418E2B0080B3", "user_profile": 1, "full_name": "Admin", "email": "michalpokojny@hotmail.com", "phone_number": "0892094328", "country": "IE", "postcode": "90021", "town_or_city": "Dublin", "street_address1": "Address 1", "street_address2": "ayn", "county": "Ireland", "date": "2023-05-24T12:41:29.076Z", "delivery_cost": "1.20", "order_total": "12.00", "grand_total": "13.20", "original_bag": "{\"1\": 1}", "stripe_pid": "pi_3NBH05KIWhJzoHAX1pRnOkV5"}}, {"model": "checkout.order", "pk": 14, "fields": {"order_number": "78DD88C871CA4EFBB14CDD4A5820FD93", "user_profile": 1, "full_name": "Admin", "email": "michalpokojny@hotmail.com", "phone_number": "0892094328", "country": "IE", "postcode": "90021", "town_or_city": "Dublin", "street_address1": "Address 1", "street_address2": "ayn", "county": "Ireland", "date": "2023-05-24T12:46:47.026Z", "delivery_cost": "1.20", "order_total": "12.00", "grand_total": "13.20", "original_bag": "{\"1\": 1}", "stripe_pid": "pi_3NBH5HKIWhJzoHAX07F9xpLb"}}, {"model": "checkout.order", "pk": 15, "fields": {"order_number": "F0DB72ECFD59443EBDE7B4556FC86555", "user_profile": 1, "full_name": "Admin", "email": "michalpokojny@hotmail.com", "phone_number": "0892094328", "country": "IE", "postcode": "90021", "town_or_city": "Dublin", "street_address1": "Address 1", "street_address2": "ayn", "county": "Ireland", "date": "2023-05-24T12:57:42.002Z", "delivery_cost": "1.20", "order_total": "12.00", "grand_total": "13.20", "original_bag": "{\"1\": 1}", "stripe_pid": "pi_3NBHFpKIWhJzoHAX1fErAft2"}}, {"model": "checkout.order", "pk": 16, "fields": {"order_number": "2BE1AE7398D840F09901853B99D5B818", "user_profile": 1, "full_name": "Admin", "email": "michalpokojny@hotmail.com", "phone_number": "0892094328", "country": "IE", "postcode": "90021", "town_or_city": "Dublin", "street_address1": "Address 1", "street_address2": "ayn", "county": "Ireland", "date": "2023-05-24T13:00:21.922Z", "delivery_cost": "1.20", "order_total": "12.00", "grand_total": "13.20", "original_bag": "{\"1\": 1}", "stripe_pid": "pi_3NBHIQKIWhJzoHAX0dEUetq1"}}, {"model": "checkout.order", "pk": 17, "fields": {"order_number": "26CDAFCF7F3E4106AB6BF1175A951A5D", "user_profile": 1, "full_name": "Michal", "email": "michalpokojny@hotmail.com", "phone_number": "0892094328", "country": "IE", "postcode": "90021", "town_or_city": "Dublin", "street_address1": "Address 1", "street_address2": "ayn", "county": "Ireland", "date": "2023-05-24T13:02:21.949Z", "delivery_cost": "1.20", "order_total": "12.00", "grand_total": "13.20", "original_bag": "{\"1\": 1}", "stripe_pid": "pi_3NBHKNKIWhJzoHAX1E1pH3EH"}}, {"model": "checkout.order", "pk": 18, "fields": {"order_number": "62CF9E49DC174119B53342E3055970D2", "user_profile": 1, "full_name": "Adin", "email": "michalpokojny@hotmail.com", "phone_number": "0892094328", "country": "IE", "postcode": "90021", "town_or_city": "Dublin", "street_address1": "Address 1", "street_address2": "ayn", "county": "Ireland", "date": "2023-05-24T13:21:54.239Z", "delivery_cost": "1.20", "order_total": "12.00", "grand_total": "13.20", "original_bag": "{\"1\": 1}", "stripe_pid": "pi_3NBHdDKIWhJzoHAX1Ru6B0PG"}}, {"model": "checkout.order", "pk": 19, "fields": {"order_number": "49AE3CC9EAA34678B00FE270C947B2CF", "user_profile": 1, "full_name": "A", "email": "michalpokojny@hotmail.com", "phone_number": "0892094328", "country": "IE", "postcode": "90021", "town_or_city": "Dublin", "street_address1": "Address 1", "street_address2": "ayn", "county": "Ireland", "date": "2023-05-24T13:25:22.437Z", "delivery_cost": "1.20", "order_total": "12.00", "grand_total": "13.20", "original_bag": "{\"1\": 1}", "stripe_pid": "pi_3NBHgWKIWhJzoHAX1BoWWG64"}}, {"model": "checkout.order", "pk": 20, "fields": {"order_number": "D9458A7934C74CF2A8270DEDCF57A9FF", "user_profile": 1, "full_name": "A", "email": "michalpokojny@hotmail.com", "phone_number": "0892094328", "country": "IE", "postcode": "90021", "town_or_city": "Dublin", "street_address1": "Address 1", "street_address2": "ayn", "county": "Ireland", "date": "2023-05-24T13:33:19.470Z", "delivery_cost": "1.20", "order_total": "12.00", "grand_total": "13.20", "original_bag": "{\"1\": 1}", "stripe_pid": "pi_3NBHoJKIWhJzoHAX1wNxIZqV"}}, {"model": "checkout.order", "pk": 21, "fields": {"order_number": "11106C01F39B4946A3C38FB0CCAFD722", "user_profile": 1, "full_name": "Admin", "email": "michalpokojny@hotmail.com", "phone_number": "0892094328", "country": "IE", "postcode": "90021", "town_or_city": "Dublin", "street_address1": "Address 1", "street_address2": "ayn", "county": "Ireland", "date": "2023-05-24T13:39:24.089Z", "delivery_cost": "1.20", "order_total": "12.00", "grand_total": "13.20", "original_bag": "{\"1\": 1}", "stripe_pid": "pi_3NBHuDKIWhJzoHAX0ZlfG2mB"}}, {"model": "checkout.order", "pk": 22, "fields": {"order_number": "91A52BD6C1304FE1AC2A2E874E81C69C", "user_profile": 1, "full_name": "A", "email": "michalpokojny@hotmail.com", "phone_number": "0892094328", "country": "IE", "postcode": "90021", "town_or_city": "Dublin", "street_address1": "Address 1", "street_address2": "ayn", "county": "Ireland", "date": "2023-05-24T13:43:55.343Z", "delivery_cost": "1.00", "order_total": "10.00", "grand_total": "11.00", "original_bag": "{\"16\": 1}", "stripe_pid": "pi_3NBHyYKIWhJzoHAX1jS3QkQM"}}, {"model": "checkout.orderlineitem", "pk": 1, "fields": {"order": 1, "product": 2, "quantity": 2, "lineitem_total": "26.00"}}, {"model": "checkout.orderlineitem", "pk": 2, "fields": {"order": 1, "product": 4, "quantity": 1, "lineitem_total": "11.00"}}, {"model": "checkout.orderlineitem", "pk": 3, "fields": {"order": 1, "product": 1, "quantity": 1, "lineitem_total": "12.00"}}, {"model": "checkout.orderlineitem", "pk": 4, "fields": {"order": 2, "product": 1, "quantity": 1, "lineitem_total": "12.00"}}, {"model": "checkout.orderlineitem", "pk": 5, "fields": {"order": 3, "product": 1, "quantity": 1, "lineitem_total": "12.00"}}, {"model": "checkout.orderlineitem", "pk": 6, "fields": {"order": 4, "product": 1, "quantity": 1, "lineitem_total": "12.00"}}, {"model": "checkout.orderlineitem", "pk": 7, "fields": {"order": 5, "product": 1, "quantity": 1, "lineitem_total": "12.00"}}, {"model": "checkout.orderlineitem", "pk": 8, "fields": {"order": 6, "product": 1, "quantity": 1, "lineitem_total": "12.00"}}, {"model": "checkout.orderlineitem", "pk": 9, "fields": {"order": 7, "product": 1, "quantity": 1, "lineitem_total": "12.00"}}, {"model": "checkout.orderlineitem", "pk": 10, "fields": {"order": 8, "product": 2, "quantity": 1, "lineitem_total": "13.00"}}, {"model": "checkout.orderlineitem", "pk": 11, "fields": {"order": 9, "product": 1, "quantity": 1, "lineitem_total": "12.00"}}, {"model": "checkout.orderlineitem", "pk": 12, "fields": {"order": 10, "product": 1, "quantity": 1, "lineitem_total": "12.00"}}, {"model": "checkout.orderlineitem", "pk": 13, "fields": {"order": 11, "product": 2, "quantity": 2, "lineitem_total": "26.00"}}, {"model": "checkout.orderlineitem", "pk": 14, "fields": {"order": 12, "product": 1, "quantity": 1, "lineitem_total": "12.00"}}, {"model": "checkout.orderlineitem", "pk": 15, "fields": {"order": 13, "product": 1, "quantity": 1, "lineitem_total": "12.00"}}, {"model": "checkout.orderlineitem", "pk": 16, "fields": {"order": 14, "product": 1, "quantity": 1, "lineitem_total": "12.00"}}, {"model": "checkout.orderlineitem", "pk": 17, "fields": {"order": 15, "product": 1, "quantity": 1, "lineitem_total": "12.00"}}, {"model": "checkout.orderlineitem", "pk": 18, "fields": {"order": 16, "product": 1, "quantity": 1, "lineitem_total": "12.00"}}, {"model": "checkout.orderlineitem", "pk": 19, "fields": {"order": 17, "product": 1, "quantity": 1, "lineitem_total": "12.00"}}, {"model": "checkout.orderlineitem", "pk": 20, "fields": {"order": 18, "product": 1, "quantity": 1, "lineitem_total": "12.00"}}, {"model": "checkout.orderlineitem", "pk": 21, "fields": {"order": 19, "product": 1, "quantity": 1, "lineitem_total": "12.00"}}, {"model": "checkout.orderlineitem", "pk": 22, "fields": {"order": 20, "product": 1, "quantity": 1, "lineitem_total": "12.00"}}, {"model": "checkout.orderlineitem", "pk": 23, "fields": {"order": 21, "product": 1, "quantity": 1, "lineitem_total": "12.00"}}, {"model": "checkout.orderlineitem", "pk": 24, "fields": {"order": 22, "product": 16, "quantity": 1, "lineitem_total": "10.00"}}, {"model": "profiles.userprofile", "pk": 1, "fields": {"user": 1, "default_phone_number": "0892094328", "default_street_address1": "Address 1", "default_street_address2": "ayn", "default_town_or_city": "Dublin", "default_county": "Ireland", "default_postcode": "90021", "default_country": "IE"}}, {"model": "profiles.userprofile", "pk": 2, "fields": {"user": 2, "default_phone_number": null, "default_street_address1": null, "default_street_address2": null, "default_town_or_city": null, "default_county": null, "default_postcode": null, "default_country": null}}]